Cycle,Supposed Position,Raw Angle,Filtered Angle,Field Status
1,0,341.7023,341.7063,1
1,90,70.719,70.7145,0
1,180,161.131,161.1312,0
1,270,251.1145,251.1161,1
2,0,341.6748,341.6744,1
2,90,70.7245,70.7213,0
2,180,161.131,161.132,0
2,270,251.1035,251.1082,1
3,0,341.6748,341.6766,0
3,90,70.719,70.7196,0
3,180,161.1365,161.1362,0
3,270,251.1035,251.1093,0
4,0,341.6638,341.6714,0
4,90,70.7245,70.7212,0
4,180,161.1365,161.1364,0
4,270,251.1035,251.1081,1
5,0,341.6638,341.669,0
5,90,70.73,70.7226,0
5,180,161.1365,161.1318,0
5,270,251.098,251.0999,0
6,0,341.6693,341.6754,1
6,90,70.7245,70.7231,1
6,180,161.1475,161.1429,0
6,270,251.109,251.1031,1
7,0,341.6803,341.6761,1
7,90,70.73,70.7276,1
7,180,161.1365,161.1322,0
7,270,251.109,251.107,1
8,0,341.6913,341.6803,1
8,90,70.7245,70.7273,1
8,180,161.1255,161.1325,1
8,270,251.1035,251.1035,0
9,0,341.6693,341.6773,0
9,90,70.7135,70.719,0
9,180,161.142,161.1351,1
9,270,251.109,251.1119,0
10,0,341.6803,341.6783,1
10,90,70.719,70.7187,1
10,180,161.131,161.1311,0
10,270,251.109,251.1128,1
11,0,341.6748,341.6799,1
11,90,70.73,70.7238,1
11,180,161.1365,161.1342,0
11,270,251.109,251.1067,1
12,0,341.6748,341.6739,0
12,90,70.719,70.7149,1
12,180,161.1365,161.1403,0
12,270,251.109,251.1136,1
13,0,341.6693,341.6754,1
13,90,70.7135,70.7196,0
13,180,161.1365,161.1396,1
13,270,251.109,251.1043,1
14,0,341.6748,341.6723,1
14,90,70.73,70.7214,0
14,180,161.142,161.1457,0
14,270,251.109,251.1074,1
15,0,341.6803,341.6749,1
15,90,70.719,70.7205,1
15,180,161.142,161.137,0
15,270,251.109,251.1098,0
16,0,341.6748,341.6736,0
16,90,70.7245,70.7244,1
16,180,161.131,161.132,0
16,270,251.098,251.1011,0
17,0,341.6803,341.6802,1
17,90,70.719,70.7212,1
17,180,161.1365,161.138,1
17,270,251.1145,251.1061,1
18,0,341.6748,341.6829,1
18,90,70.719,70.7191,1
18,180,161.131,161.1335,0
18,270,251.109,251.1075,0
19,0,341.6803,341.6826,0
19,90,70.7245,70.7222,0
19,180,161.1365,161.1322,0
19,270,251.109,251.1017,1
20,0,341.6748,341.679,1
20,90,70.719,70.7123,0
20,180,161.1255,161.1308,0
20,270,251.1035,251.1131,1
21,0,341.6803,341.6799,0
21,90,70.7245,70.72,1
21,180,161.131,161.1311,0
21,270,251.098,251.1081,1
22,0,341.6638,341.673,0
22,90,70.719,70.7225,0
22,180,161.1365,161.1417,0
22,270,251.1035,251.1052,1
23,0,341.6638,341.6729,0
23,90,70.7245,70.7197,0
23,180,161.1365,161.1396,1
23,270,251.1035,251.1085,1
24,0,341.6638,341.6733,0
24,90,70.719,70.7272,1
24,180,161.1365,161.1333,0
24,270,251.087,251.1038,1
25,0,341.6748,341.6741,0
25,90,70.719,70.7235,1
25,180,161.1365,161.1382,0
25,270,251.109,251.103,1
26,0,341.6803,341.6803,1
26,90,70.719,70.7235,1
26,180,161.131,161.1304,0
26,270,251.109,251.1093,1
27,0,341.6803,341.6791,0
27,90,70.719,70.7257,1
27,180,161.1365,161.1311,0
27,270,251.098,251.1042,0
28,0,341.6803,341.6784,1
28,90,70.7245,70.7206,1
28,180,161.131,161.1318,0
28,270,251.12,251.1133,1
29,0,341.6803,341.681,1
29,90,70.719,70.718,0
29,180,161.131,161.1295,0
29,270,251.1255,251.1128,1
30,0,341.6748,341.6744,0
30,90,70.7245,70.7196,0
30,180,161.1365,161.1352,0
30,270,251.109,251.1067,1
31,0,341.6748,341.6754,1
31,90,70.7135,70.7129,0
31,180,161.1365,161.1446,0
31,270,251.1145,251.113,1
32,0,341.6693,341.6735,0
32,90,70.7135,70.7193,1
32,180,161.1365,161.1391,0
32,270,251.109,251.1061,0
33,0,341.6693,341.6686,0
33,90,70.719,70.7208,0
33,180,161.142,161.1425,1
33,270,251.109,251.1065,1
34,0,341.6748,341.6745,0
34,90,70.719,70.7207,0
34,180,161.1365,161.1384,0
34,270,251.1145,251.1083,1
35,0,341.6748,341.6734,0
35,90,70.7245,70.7278,1
35,180,161.1365,161.1408,1
35,270,251.1035,251.1025,1
36,0,341.6748,341.6772,0
36,90,70.7135,70.7175,1
36,180,161.1365,161.143,1
36,270,251.1035,251.1021,0
37,0,341.6858,341.6809,1
37,90,70.7135,70.7187,1
37,180,161.1365,161.1322,0
37,270,251.098,251.1026,1
38,0,341.6748,341.6787,1
38,90,70.719,70.7226,0
38,180,161.1365,161.1339,0
38,270,251.098,251.1048,1
39,0,341.6803,341.6798,0
39,90,70.7135,70.7165,1
39,180,161.1365,161.1405,0
39,270,251.109,251.1113,1
40,0,341.6803,341.681,1
40,90,70.7135,70.7124,1
40,180,161.131,161.135,1
40,270,251.1035,251.1067,1
41,0,341.6748,341.6756,0
41,90,70.7135,70.7141,0
41,180,161.1475,161.148,1
41,270,251.1145,251.1083,0
42,0,341.6858,341.6746,0
42,90,70.7135,70.7145,1
42,180,161.1475,161.1468,1
42,270,251.109,251.107,1
43,0,341.6693,341.6726,0
43,90,70.7135,70.718,0
43,180,161.1365,161.1449,0
43,270,251.098,251.1035,1
44,0,341.6803,341.6742,1
44,90,70.719,70.7209,1
44,180,161.1475,161.1534,1
44,270,251.109,251.1029,1
45,0,341.6803,341.6737,0
45,90,70.719,70.7157,0
45,180,161.1365,161.1375,0
45,270,251.1035,251.108,1
46,0,341.6803,341.6746,0
46,90,70.7245,70.7262,0
46,180,161.142,161.1412,1
46,270,251.109,251.1067,1
47,0,341.6748,341.6739,0
47,90,70.719,70.7177,0
47,180,161.1365,161.1367,1
47,270,251.1145,251.1113,1
48,0,341.6748,341.6793,0
48,90,70.708,70.7162,0
48,180,161.131,161.1308,0
48,270,251.109,251.1077,1
49,0,341.6748,341.6772,1
49,90,70.719,70.7159,0
49,180,161.131,161.1335,0
49,270,251.1145,251.1077,1
50,0,341.6748,341.6761,1
50,90,70.708,70.7151,0
50,180,161.142,161.1411,1
50,270,251.1035,251.1117,1
51,0,341.6803,341.6803,0
51,90,70.7135,70.7165,1
51,180,161.1365,161.1372,0
51,270,251.098,251.1025,1
52,0,341.6693,341.6759,1
52,90,70.7135,70.721,1
52,180,161.1475,161.1406,0
52,270,251.1035,251.1063,0
53,0,341.6858,341.68,1
53,90,70.7245,70.7209,0
53,180,161.131,161.1342,0
53,270,251.1035,251.1042,1
54,0,341.6803,341.6815,1
54,90,70.7355,70.7268,1
54,180,161.131,161.1311,1
54,270,251.1035,251.1038,1
55,0,341.6748,341.6775,1
55,90,70.719,70.7224,0
55,180,161.131,161.1376,1
55,270,251.109,251.1062,1
56,0,341.6803,341.6852,0
56,90,70.7245,70.7243,0
56,180,161.131,161.1305,0
56,270,251.1145,251.1076,1
57,0,341.6748,341.6805,1
57,90,70.73,70.7253,0
57,180,161.131,161.1329,0
57,270,251.1035,251.1054,1
58,0,341.6748,341.6808,1
58,90,70.708,70.7209,1
58,180,161.1475,161.139,1
58,270,251.109,251.1101,1
59,0,341.6803,341.6823,1
59,90,70.719,70.7197,1
59,180,161.142,161.1403,1
59,270,251.1145,251.1078,1
60,0,341.6803,341.6801,1
60,90,70.719,70.7197,0
60,180,161.1365,161.1423,1
60,270,251.1145,251.109,0
61,0,341.6748,341.6768,1
61,90,70.7135,70.7145,0
61,180,161.142,161.1452,0
61,270,251.1035,251.1054,1
62,0,341.6638,341.6714,0
62,90,70.7355,70.7248,1
62,180,161.1475,161.1462,0
62,270,251.1035,251.1042,0
63,0,341.6748,341.6752,0
63,90,70.73,70.7266,1
63,180,161.1475,161.146,1
63,270,251.109,251.1067,1
64,0,341.6748,341.6802,1
64,90,70.7135,70.7216,0
64,180,161.142,161.1385,0
64,270,251.109,251.1061,1
65,0,341.6748,341.677,0
65,90,70.73,70.7294,0
65,180,161.1365,161.1344,0
65,270,251.098,251.1028,1
66,0,341.6803,341.6787,1
66,90,70.7245,70.7234,0
66,180,161.1365,161.1345,0
66,270,251.109,251.1078,1
67,0,341.6748,341.6794,1
67,90,70.719,70.7208,0
67,180,161.131,161.1306,1
67,270,251.109,251.1111,1
68,0,341.6748,341.6758,0
68,90,70.7245,70.7247,0
68,180,161.1365,161.1392,0
68,270,251.1145,251.1099,1
69,0,341.6638,341.6757,1
69,90,70.719,70.716,0
69,180,161.142,161.1458,1
69,270,251.1145,251.1135,1
70,0,341.6693,341.6718,0
70,90,70.708,70.7187,1
70,180,161.1475,161.1405,1
70,270,251.1145,251.1078,1
71,0,341.6638,341.6719,0
71,90,70.719,70.721,1
71,180,161.1475,161.1454,1
71,270,251.109,251.1077,0
72,0,341.6748,341.6736,0
72,90,70.7245,70.7205,1
72,180,161.1365,161.1446,0
72,270,251.098,251.105,1
73,0,341.6748,341.6748,1
73,90,70.719,70.7283,1
73,180,161.1475,161.1412,0
73,270,251.1145,251.1052,1
74,0,341.6748,341.6743,0
74,90,70.7245,70.7236,0
74,180,161.1365,161.1433,0
74,270,251.1035,251.1096,1
75,0,341.6803,341.6769,0
75,90,70.719,70.7217,0
75,180,161.131,161.1335,1
75,270,251.109,251.1081,0
76,0,341.6803,341.6774,1
76,90,70.719,70.7267,1
76,180,161.1255,161.1318,0
76,270,251.109,251.1103,1
77,0,341.6748,341.6752,1
77,90,70.719,70.7193,0
77,180,161.1365,161.1358,0
77,270,251.1145,251.1132,1
78,0,341.6803,341.681,0
78,90,70.719,70.7165,0
78,180,161.142,161.1368,1
78,270,251.109,251.1129,1
79,0,341.6693,341.6751,1
79,90,70.7245,70.7231,1
79,180,161.142,161.138,0
79,270,251.12,251.1148,1
80,0,341.6748,341.6752,1
80,90,70.719,70.7198,0
80,180,161.1365,161.1404,0
80,270,251.1145,251.1107,0
81,0,341.6693,341.6729,0
81,90,70.7245,70.7259,1
81,180,161.131,161.1357,0
81,270,251.1145,251.1096,1
82,0,341.6638,341.6705,0
82,90,70.7355,70.7274,0
82,180,161.1475,161.1369,0
82,270,251.1035,251.1068,1
83,0,341.6748,341.6781,0
83,90,70.7245,70.7231,1
83,180,161.131,161.1338,0
83,270,251.109,251.1046,0
84,0,341.6748,341.6789,1
84,90,70.73,70.7263,1
84,180,161.1365,161.138,0
84,270,251.1035,251.106,1
85,0,341.6803,341.6815,1
85,90,70.73,70.7245,0
85,180,161.1365,161.1343,1
85,270,251.1035,251.1048,0
86,0,341.6913,341.6864,0
86,90,70.719,70.7174,0
86,180,161.1365,161.1323,0
86,270,251.109,251.1111,1
87,0,341.6748,341.6806,1
87,90,70.719,70.7194,0
87,180,161.1365,161.1344,0
87,270,251.1145,251.1122,1
88,0,341.6803,341.6771,0
88,90,70.719,70.7176,1
88,180,161.1475,161.1441,0
88,270,251.12,251.1125,1
89,0,341.6748,341.6753,0
89,90,70.7135,70.7173,0
89,180,161.1365,161.1419,1
89,270,251.1145,251.1087,1
90,0,341.6693,341.6723,0
90,90,70.7245,70.7222,1
90,180,161.1475,161.1477,1
90,270,251.1145,251.1127,1
91,0,341.6803,341.6769,0
91,90,70.7245,70.7213,1
91,180,161.1475,161.1476,1
91,270,251.098,251.1053,0
92,0,341.6638,341.6738,0
92,90,70.719,70.7237,0
92,180,161.1365,161.1428,1
92,270,251.0925,251.1078,1
93,0,341.6748,341.6757,0
93,90,70.7355,70.7281,0
93,180,161.1365,161.1421,1
93,270,251.109,251.1061,1
94,0,341.6748,341.6828,0
94,90,70.719,70.721,0
94,180,161.131,161.138,0
94,270,251.1035,251.1039,1
95,0,341.6748,341.6851,1
95,90,70.7245,70.7258,0
95,180,161.131,161.1332,0
95,270,251.1035,251.105,1
96,0,341.6748,341.6799,1
96,90,70.708,70.7172,1
96,180,161.153,161.1476,0
96,270,251.1145,251.1072,0
97,0,341.6803,341.6806,0
97,90,70.719,70.7175,0
97,180,161.131,161.136,0
97,270,251.1035,251.11,0
98,0,341.6858,341.6796,1
98,90,70.719,70.7226,1
98,180,161.153,161.1442,1
98,270,251.12,251.1088,1
99,0,341.6693,341.6762,0
99,90,70.719,70.72,0
99,180,161.1475,161.1492,1
99,270,251.1035,251.1084,1
100,0,341.6748,341.6766,1
100,90,70.7245,70.7186,0
100,180,161.142,161.1439,1
100,270,251.109,251.1049,1
101,0,341.6748,341.6772,1
101,90,70.719,70.7227,1
101,180,161.1475,161.1499,1
101,270,251.109,251.102,1
102,0,341.6748,341.6788,0
102,90,70.7135,70.7163,1
102,180,161.142,161.1454,1
102,270,251.098,251.1026,1
103,0,341.6748,341.6798,1
103,90,70.7245,70.7218,0
103,180,161.1365,161.1424,1
103,270,251.1035,251.1049,0
104,0,341.6803,341.6802,1
104,90,70.719,70.7193,0
104,180,161.1475,161.144,1
104,270,251.098,251.1028,1
105,0,341.6913,341.6853,1
105,90,70.719,70.7171,0
105,180,161.131,161.1371,0
105,270,251.109,251.1061,0
106,0,341.6858,341.6837,1
106,90,70.719,70.722,1
106,180,161.1365,161.1385,0
106,270,251.109,251.1123,1
107,0,341.6748,341.6796,0
107,90,70.7135,70.7118,1
107,180,161.153,161.1449,1
107,270,251.109,251.1097,1
108,0,341.6803,341.6818,1
108,90,70.7245,70.715,0
108,180,161.1365,161.1382,1
108,270,251.1145,251.106,0
109,0,341.6803,341.6789,0
109,90,70.719,70.7222,1
109,180,161.142,161.1405,1
109,270,251.1035,251.1064,1
110,0,341.6803,341.6793,0
110,90,70.7135,70.7163,0
110,180,161.1475,161.1463,1
110,270,251.098,251.1033,1
111,0,341.6858,341.6809,1
111,90,70.7135,70.718,1
111,180,161.142,161.1481,1
111,270,251.109,251.1029,1
112,0,341.6748,341.6777,1
112,90,70.719,70.7202,0
112,180,161.1365,161.1469,1
112,270,251.1145,251.1036,0
113,0,341.6748,341.6835,1
113,90,70.719,70.7186,0
113,180,161.1365,161.1406,1
113,270,251.098,251.1024,1
114,0,341.6803,341.6833,1
114,90,70.7245,70.7174,0
114,180,161.1365,161.1393,0
114,270,251.1145,251.1054,0
115,0,341.6803,341.6799,0
115,90,70.7135,70.716,1
115,180,161.142,161.1398,0
115,270,251.1035,251.109,1
116,0,341.6748,341.6848,1
116,90,70.7135,70.7163,1
116,180,161.142,161.1371,0
116,270,251.109,251.1078,1
117,0,341.6803,341.6782,0
117,90,70.7245,70.7225,1
117,180,161.1365,161.1463,0
117,270,251.109,251.113,1
118,0,341.6748,341.6744,0
118,90,70.7245,70.7186,0
118,180,161.1475,161.1485,1
118,270,251.109,251.1065,1
119,0,341.6748,341.6777,1
119,90,70.7135,70.7208,0
119,180,161.1475,161.1451,0
119,270,251.1255,251.1081,1
120,0,341.6803,341.6759,1
120,90,70.719,70.7228,0
120,180,161.1475,161.1452,0
120,270,251.1255,251.104,0
121,0,341.6913,341.6811,1
121,90,70.7245,70.7198,1
121,180,161.1365,161.1405,1
121,270,251.1035,251.1004,1
122,0,341.6803,341.6847,0
122,90,70.7355,70.7239,1
122,180,161.1475,161.1403,0
122,270,251.1255,251.1065,1
123,0,341.6803,341.6771,0
123,90,70.7355,70.7235,1
123,180,161.1365,161.1387,1
123,270,251.087,251.1035,0
124,0,341.6913,341.6874,1
124,90,70.708,70.7181,0
124,180,161.131,161.1389,0
124,270,251.098,251.1061,0
125,0,341.6803,341.6799,1
125,90,70.7355,70.7193,1
125,180,161.1365,161.1393,0
125,270,251.1255,251.1128,1
126,0,341.6748,341.6753,0
126,90,70.7025,70.7126,1
126,180,161.1475,161.1446,1
126,270,251.1145,251.1098,1
127,0,341.6803,341.6818,1
127,90,70.708,70.7152,0
127,180,161.142,161.1422,0
127,270,251.109,251.1081,1
128,0,341.6748,341.6772,1
128,90,70.719,70.7209,1
128,180,161.1475,161.1425,1
128,270,251.1145,251.1103,1
129,0,341.6803,341.6764,0
129,90,70.719,70.7195,0
129,180,161.1475,161.1464,0
129,270,251.1035,251.1028,1
130,0,341.6748,341.6776,1
130,90,70.719,70.7218,1
130,180,161.1475,161.1441,1
130,270,251.098,251.1058,1
131,0,341.6638,341.6718,0
131,90,70.7245,70.73,1
131,180,161.1365,161.1413,1
131,270,251.109,251.1048,0
132,0,341.6693,341.6797,1
132,90,70.7245,70.7204,0
132,180,161.1365,161.1421,0
132,270,251.1035,251.1036,0
133,0,341.6803,341.6816,0
133,90,70.719,70.7209,0
133,180,161.142,161.1414,0
133,270,251.109,251.1055,1
134,0,341.6803,341.6728,1
134,90,70.719,70.7161,0
134,180,161.142,161.1459,1
134,270,251.109,251.1068,0
135,0,341.6803,341.6822,1
135,90,70.708,70.716,0
135,180,161.142,161.1455,1
135,270,251.109,251.1066,1
136,0,341.6748,341.6751,0
136,90,70.7135,70.7176,1
136,180,161.1475,161.1469,1
136,270,251.109,251.1139,0
137,0,341.6638,341.6672,1
137,90,70.7245,70.7165,0
137,180,161.153,161.1467,0
137,270,251.1035,251.1063,1
138,0,341.6748,341.6737,0
138,90,70.719,70.718,0
138,180,161.1475,161.1494,0
138,270,251.098,251.1041,0
139,0,341.6693,341.6729,0
139,90,70.7245,70.7221,1
139,180,161.142,161.1447,1
139,270,251.1035,251.1044,0
140,0,341.6693,341.6751,0
140,90,70.7135,70.7159,0
140,180,161.1584,161.1502,0
140,270,251.1035,251.1039,1
141,0,341.6803,341.681,1
141,90,70.719,70.7229,1
141,180,161.1475,161.1453,1
141,270,251.1145,251.1065,1
142,0,341.6803,341.6779,1
142,90,70.719,70.7229,1
142,180,161.131,161.1398,0
142,270,251.1035,251.1023,0
143,0,341.6803,341.681,0
143,90,70.719,70.719,0
143,180,161.142,161.1422,1
143,270,251.1035,251.1059,1
144,0,341.6858,341.679,1
144,90,70.719,70.7199,1
144,180,161.142,161.1372,0
144,270,251.1145,251.1101,1
145,0,341.6583,341.6725,0
145,90,70.719,70.7115,0
145,180,161.1475,161.1466,1
145,270,251.1145,251.1092,1
146,0,341.6803,341.679,1
146,90,70.719,70.716,1
146,180,161.1365,161.1374,0
146,270,251.109,251.1088,1
147,0,341.6748,341.6732,0
147,90,70.73,70.7203,0
147,180,161.142,161.1455,1
147,270,251.109,251.1078,1
148,0,341.6748,341.6761,1
148,90,70.7135,70.7174,0
148,180,161.1365,161.1487,1
148,270,251.098,251.1065,1
149,0,341.6748,341.6758,0
149,90,70.719,70.7223,1
149,180,161.1475,161.1475,0
149,270,251.109,251.1053,0
150,0,341.6748,341.6759,0
150,90,70.7245,70.7243,1
150,180,161.1365,161.1401,1
150,270,251.1145,251.1046,1
151,0,341.6693,341.6798,1
151,90,70.719,70.7253,1
151,180,161.1365,161.1446,1
151,270,251.098,251.1052,1
152,0,341.6803,341.6804,1
152,90,70.7245,70.7225,1
152,180,161.1475,161.1418,1
152,270,251.109,251.1069,1
153,0,341.6748,341.6731,0
153,90,70.719,70.7187,1
153,180,161.1365,161.1395,0
153,270,251.109,251.1114,1
154,0,341.6748,341.6795,0
154,90,70.7245,70.7178,0
154,180,161.142,161.1418,1
154,270,251.109,251.1107,1
155,0,341.6803,341.6778,1
155,90,70.719,70.7182,0
155,180,161.153,161.1431,1
155,270,251.109,251.1135,1
156,0,341.6748,341.6734,0
156,90,70.719,70.716,0
156,180,161.153,161.1476,1
156,270,251.098,251.1056,0
157,0,341.6748,341.6786,1
157,90,70.719,70.7166,0
157,180,161.1475,161.1451,1
157,270,251.1145,251.1105,1
158,0,341.6748,341.6733,0
158,90,70.7245,70.721,1
158,180,161.142,161.1441,1
158,270,251.1035,251.1042,1
159,0,341.6748,341.6801,0
159,90,70.719,70.7197,0
159,180,161.142,161.1475,1
159,270,251.1035,251.1029,1
160,0,341.6748,341.6807,1
160,90,70.719,70.7207,1
160,180,161.1365,161.1451,1
160,270,251.109,251.1061,0
161,0,341.6748,341.6784,0
161,90,70.719,70.7215,1
161,180,161.1365,161.1363,0
161,270,251.109,251.1084,0
162,0,341.6858,341.681,1
162,90,70.719,70.7173,0
162,180,161.1365,161.1398,1
162,270,251.109,251.1051,1
163,0,341.6913,341.6819,1
163,90,70.719,70.7136,0
163,180,161.142,161.1394,0
163,270,251.1145,251.112,0
164,0,341.6803,341.6756,1
164,90,70.719,70.717,0
164,180,161.1475,161.1418,1
164,270,251.1145,251.1116,0
165,0,341.6748,341.6804,1
165,90,70.73,70.7142,1
165,180,161.1475,161.1436,1
165,270,251.098,251.1076,1
166,0,341.6748,341.6743,0
166,90,70.73,70.7216,0
166,180,161.1365,161.1382,0
166,270,251.12,251.1141,1
167,0,341.6803,341.6781,0
167,90,70.7245,70.723,0
167,180,161.1475,161.1437,1
167,270,251.109,251.1082,1
168,0,341.6803,341.6821,1
168,90,70.7245,70.7239,0
168,180,161.142,161.1443,1
168,270,251.109,251.1065,1
169,0,341.6803,341.675,0
169,90,70.7245,70.7259,0
169,180,161.142,161.1339,0
169,270,251.1145,251.1084,1
170,0,341.6748,341.6839,0
170,90,70.73,70.724,1
170,180,161.1365,161.1441,1
170,270,251.1035,251.1002,1
171,0,341.6803,341.687,1
171,90,70.719,70.7227,0
171,180,161.142,161.1424,1
171,270,251.109,251.103,1
172,0,341.6803,341.6764,0
172,90,70.719,70.7217,0
172,180,161.1365,161.1377,0
172,270,251.1035,251.1108,0
173,0,341.6803,341.6812,0
173,90,70.719,70.7172,0
173,180,161.1475,161.1418,1
173,270,251.098,251.1065,1
174,0,341.6748,341.6741,1
174,90,70.7135,70.7189,0
174,180,161.142,161.148,1
174,270,251.109,251.1133,1
175,0,341.6748,341.6735,0
175,90,70.7135,70.7139,0
175,180,161.142,161.1479,1
175,270,251.109,251.107,1
176,0,341.6803,341.6786,1
176,90,70.719,70.7162,0
176,180,161.153,161.1557,1
176,270,251.098,251.1046,1
177,0,341.6638,341.6734,0
177,90,70.719,70.716,0
177,180,161.1584,161.152,0
177,270,251.098,251.1066,1
178,0,341.6693,341.676,0
178,90,70.719,70.7177,0
178,180,161.1584,161.1531,0
178,270,251.098,251.1027,0
179,0,341.6748,341.6802,1
179,90,70.7245,70.7196,0
179,180,161.153,161.1508,0
179,270,251.109,251.1059,1
180,0,341.6638,341.6711,0
180,90,70.719,70.7206,1
180,180,161.1475,161.1442,1
180,270,251.098,251.1037,0
181,0,341.6803,341.6801,0
181,90,70.708,70.7163,0
181,180,161.153,161.1477,1
181,270,251.098,251.1024,0
182,0,341.6693,341.6767,0
182,90,70.7135,70.714,0
182,180,161.1475,161.1433,0
182,270,251.109,251.1095,1
183,0,341.6748,341.6761,0
183,90,70.719,70.7147,0
183,180,161.1475,161.1448,0
183,270,251.109,251.1066,1
184,0,341.6748,341.6782,1
184,90,70.708,70.7141,0
184,180,161.1475,161.1479,1
184,270,251.109,251.1055,1
185,0,341.6693,341.6757,0
185,90,70.708,70.713,0
185,180,161.142,161.1464,1
185,270,251.109,251.1108,1
186,0,341.6748,341.674,0
186,90,70.7245,70.7176,1
186,180,161.1475,161.1516,0
186,270,251.109,251.1007,1
187,0,341.6803,341.6743,0
187,90,70.7135,70.7174,0
187,180,161.153,161.1536,1
187,270,251.109,251.1016,0
188,0,341.6748,341.6726,0
188,90,70.719,70.7194,0
188,180,161.1475,161.1503,0
188,270,251.1035,251.1057,1
189,0,341.6858,341.6799,1
189,90,70.7245,70.7203,0
189,180,161.1584,161.1518,0
189,270,251.098,251.1006,1
190,0,341.6803,341.6785,1
190,90,70.7245,70.715,1
190,180,161.153,161.1486,1
190,270,251.109,251.1057,1
191,0,341.6803,341.6784,1
191,90,70.719,70.7134,0
191,180,161.153,161.1459,1
191,270,251.1145,251.1075,0
192,0,341.6803,341.678,1
192,90,70.7135,70.7171,1
192,180,161.1475,161.1501,0
192,270,251.109,251.1051,1
193,0,341.6638,341.6718,0
193,90,70.708,70.7113,0
193,180,161.153,161.1456,0
193,270,251.109,251.1098,0
194,0,341.6748,341.6754,1
194,90,70.7245,70.7134,1
194,180,161.153,161.1478,1
194,270,251.109,251.1088,1
195,0,341.6748,341.6746,0
195,90,70.7135,70.7149,1
195,180,161.1584,161.1539,0
195,270,251.1035,251.104,1
196,0,341.6693,341.6743,0
196,90,70.7135,70.7182,0
196,180,161.142,161.1508,0
196,270,251.1145,251.1068,1
197,0,341.6748,341.6722,1
197,90,70.719,70.7197,0
197,180,161.1475,161.1488,0
197,270,251.1035,251.1027,1
198,0,341.6693,341.676,1
198,90,70.7135,70.7181,0
198,180,161.142,161.1467,0
198,270,251.109,251.1064,1
199,0,341.6803,341.6784,1
199,90,70.7245,70.7231,0
199,180,161.1365,161.1371,1
199,270,251.109,251.1048,0
200,0,341.6913,341.683,0
200,90,70.719,70.7215,1
200,180,161.1365,161.1393,1
200,270,251.109,251.1047,1
201,0,341.6858,341.6809,1
201,90,70.719,70.7126,0
201,180,161.142,161.1349,0
201,270,251.1145,251.1093,1
202,0,341.6803,341.6812,0
202,90,70.719,70.7151,1
202,180,161.1365,161.1328,0
202,270,251.098,251.1013,0
203,0,341.6803,341.6799,1
203,90,70.719,70.7184,0
203,180,161.142,161.1387,0
203,270,251.109,251.1043,1
204,0,341.6803,341.6759,1
204,90,70.719,70.7147,1
204,180,161.142,161.1346,0
204,270,251.109,251.1078,0
205,0,341.6748,341.6783,1
205,90,70.719,70.7204,1
205,180,161.153,161.1407,1
205,270,251.098,251.1033,1
206,0,341.6748,341.677,1
206,90,70.719,70.7215,1
206,180,161.1365,161.1406,1
206,270,251.109,251.1006,0
207,0,341.6803,341.6808,1
207,90,70.7245,70.7245,1
207,180,161.1365,161.1323,0
207,270,251.1035,251.102,0
208,0,341.6803,341.6804,0
208,90,70.7355,70.729,1
208,180,161.142,161.1329,0
208,270,251.0925,251.0981,0
209,0,341.6913,341.683,0
209,90,70.7245,70.7209,1
209,180,161.142,161.1364,0
209,270,251.098,251.1039,0
210,0,341.6803,341.679,1
210,90,70.719,70.7205,0
210,180,161.1365,161.1345,0
210,270,251.1035,251.1033,0
211,0,341.6748,341.6809,1
211,90,70.7245,70.722,1
211,180,161.1475,161.1453,1
211,270,251.1035,251.1047,0
212,0,341.6803,341.6793,1
212,90,70.708,70.7136,0
212,180,161.1475,161.1444,1
212,270,251.109,251.1111,1
213,0,341.6748,341.6746,1
213,90,70.719,70.7182,0
213,180,161.1475,161.1384,0
213,270,251.109,251.107,0
214,0,341.6748,341.6749,0
214,90,70.7245,70.7178,0
214,180,161.1475,161.1497,0
214,270,251.109,251.1032,1
215,0,341.6748,341.6745,0
215,90,70.719,70.717,0
215,180,161.1475,161.1426,1
215,270,251.109,251.107,1
216,0,341.6748,341.6777,0
216,90,70.719,70.723,1
216,180,161.1475,161.1412,1
216,270,251.1035,251.1017,1
217,0,341.6803,341.6825,1
217,90,70.719,70.7213,0
217,180,161.1475,161.1431,0
217,270,251.1035,251.1012,0
218,0,341.6858,341.6828,1
218,90,70.7355,70.724,1
218,180,161.142,161.1348,0
218,270,251.098,251.1023,1
219,0,341.6803,341.6864,1
219,90,70.7245,70.7258,0
219,180,161.131,161.1328,0
219,270,251.1035,251.102,1
220,0,341.6803,341.6823,1
220,90,70.719,70.714,0
220,180,161.1365,161.1376,1
220,270,251.109,251.1067,1
221,0,341.6913,341.6836,1
221,90,70.7245,70.7183,1
221,180,161.131,161.1341,0
221,270,251.109,251.1051,0
222,0,341.6803,341.6781,0
222,90,70.719,70.7147,0
222,180,161.1365,161.1434,0
222,270,251.098,251.1039,1
223,0,341.6803,341.6767,0
223,90,70.7135,70.7159,1
223,180,161.1475,161.1474,1
223,270,251.12,251.1088,0
224,0,341.6803,341.6759,0
224,90,70.719,70.7203,0
224,180,161.153,161.1491,1
224,270,251.1035,251.1013,1
225,0,341.6803,341.6751,1
225,90,70.7135,70.7187,0
225,180,161.153,161.1523,1
225,270,251.1035,251.1044,1
226,0,341.6748,341.6763,1
226,90,70.7135,70.7189,1
226,180,161.1475,161.1493,1
226,270,251.1035,251.1028,0
227,0,341.6638,341.6758,0
227,90,70.719,70.7197,0
227,180,161.1475,161.1469,1
227,270,251.0925,251.1004,0
228,0,341.6748,341.6752,0
228,90,70.7135,70.717,0
228,180,161.1475,161.153,0
228,270,251.098,251.103,1
229,0,341.6803,341.6801,1
229,90,70.7245,70.7185,0
229,180,161.1365,161.1392,1
229,270,251.1035,251.1043,1
230,0,341.6748,341.6795,0
230,90,70.7245,70.72,1
230,180,161.153,161.151,0
230,270,251.1035,251.1006,0
231,0,341.6748,341.6817,1
231,90,70.719,70.7136,1
231,180,161.1475,161.1521,0
231,270,251.109,251.1083,1
232,0,341.6748,341.6823,1
232,90,70.708,70.713,1
232,180,161.1475,161.1505,0
232,270,251.1035,251.1041,1
233,0,341.6748,341.6745,0
233,90,70.719,70.7145,1
233,180,161.1584,161.1586,0
233,270,251.109,251.1046,1
234,0,341.6803,341.6765,0
234,90,70.719,70.7117,1
234,180,161.1475,161.1545,1
234,270,251.1035,251.1028,1
235,0,341.6638,341.6739,0
235,90,70.7135,70.7151,0
235,180,161.1475,161.1517,1
235,270,251.109,251.105,0
236,0,341.6638,341.6708,0
236,90,70.7135,70.7141,1
236,180,161.1639,161.1574,0
236,270,251.1035,251.1026,0
237,0,341.6748,341.6753,0
237,90,70.708,70.7137,0
237,180,161.153,161.1471,1
237,270,251.1035,251.1057,0
238,0,341.6693,341.6816,1
238,90,70.7135,70.7153,0
238,180,161.1584,161.1531,1
238,270,251.109,251.1018,0
239,0,341.6803,341.683,1
239,90,70.708,70.7105,1
239,180,161.142,161.1502,0
239,270,251.109,251.1077,1
240,0,341.6913,341.6878,1
240,90,70.708,70.715,0
240,180,161.1365,161.1455,1
240,270,251.1035,251.1053,0
241,0,341.6803,341.6804,1
241,90,70.708,70.7128,0
241,180,161.1584,161.1517,0
241,270,251.1145,251.1064,1
242,0,341.6803,341.6779,1
242,90,70.708,70.7129,0
242,180,161.153,161.1508,0
242,270,251.1035,251.1069,0
243,0,341.6693,341.6769,1
243,90,70.708,70.7141,1
243,180,161.1475,161.1523,1
243,270,251.1035,251.1026,0
244,0,341.6803,341.6753,0
244,90,70.7135,70.7174,0
244,180,161.153,161.1558,0
244,270,251.109,251.1052,0
245,0,341.6803,341.6776,1
245,90,70.708,70.7146,0
245,180,161.1475,161.1525,1
245,270,251.109,251.1021,1
246,0,341.6693,341.6731,0
246,90,70.719,70.7202,1
246,180,161.1475,161.1523,0
246,270,251.1035,251.1015,1
247,0,341.6693,341.6742,1
247,90,70.719,70.7148,1
247,180,161.1584,161.1543,0
247,270,251.1035,251.1029,1
248,0,341.6803,341.6799,0
248,90,70.719,70.7171,0
248,180,161.1475,161.1449,0
248,270,251.1035,251.1014,1
249,0,341.6803,341.679,1
249,90,70.7135,70.7137,0
249,180,161.1475,161.1479,0
249,270,251.109,251.1042,1
250,0,341.6803,341.6796,1
250,90,70.708,70.7111,0
250,180,161.153,161.1528,0
250,270,251.109,251.1089,1
251,0,341.6748,341.6771,0
251,90,70.7245,70.7175,0
251,180,161.153,161.1485,1
251,270,251.109,251.1051,1
252,0,341.6693,341.6718,0
252,90,70.708,70.716,1
252,180,161.1584,161.1527,0
252,270,251.1145,251.1076,1
253,0,341.6803,341.6771,1
253,90,70.708,70.7139,0
253,180,161.142,161.151,0
253,270,251.109,251.1056,0
254,0,341.6693,341.6707,0
254,90,70.719,70.7148,1
254,180,161.1475,161.1478,1
254,270,251.1035,251.1017,0
255,0,341.6803,341.6755,0
255,90,70.7245,70.7176,1
255,180,161.1639,161.1524,1
255,270,251.1035,251.1036,1
256,0,341.6803,341.6837,1
256,90,70.708,70.7142,0
256,180,161.153,161.1465,0
256,270,251.109,251.1051,1
257,0,341.6803,341.6799,1
257,90,70.7245,70.7193,0
257,180,161.1365,161.144,1
257,270,251.109,251.1028,0
258,0,341.6803,341.6804,0
258,90,70.708,70.7166,0
258,180,161.153,161.1483,1
258,270,251.109,251.1056,1
259,0,341.6803,341.6812,1
259,90,70.7135,70.7187,1
259,180,161.142,161.1451,1
259,270,251.1035,251.1024,1
260,0,341.6748,341.6775,0
260,90,70.719,70.7169,0
260,180,161.1475,161.1496,1
260,270,251.098,251.106,0
261,0,341.6748,341.6753,0
261,90,70.7025,70.714,0
261,180,161.153,161.1533,0
261,270,251.1035,251.1081,1
262,0,341.6638,341.6697,0
262,90,70.719,70.7165,1
262,180,161.1475,161.1469,1
262,270,251.098,251.1063,0
263,0,341.6748,341.6722,0
263,90,70.7135,70.7186,1
263,180,161.153,161.1561,0
263,270,251.109,251.1046,1
264,0,341.6693,341.675,1
264,90,70.719,70.718,0
264,180,161.153,161.1492,0
264,270,251.109,251.1024,0
265,0,341.6583,341.6754,1
265,90,70.708,70.7184,0
265,180,161.1475,161.1494,1
265,270,251.098,251.1032,0
266,0,341.6748,341.6749,0
266,90,70.708,70.7173,0
266,180,161.153,161.1514,1
266,270,251.098,251.1008,1
267,0,341.6803,341.6796,1
267,90,70.719,70.7178,0
267,180,161.1475,161.1462,1
267,270,251.1035,251.101,1
268,0,341.6803,341.6797,1
268,90,70.719,70.7171,0
268,180,161.1584,161.1519,1
268,270,251.0925,251.1015,1
269,0,341.6748,341.679,1
269,90,70.7025,70.7123,0
269,180,161.1584,161.1559,1
269,270,251.1035,251.1073,0
270,0,341.6803,341.6833,1
270,90,70.719,70.7163,1
270,180,161.1475,161.151,1
270,270,251.109,251.1057,0
271,0,341.6748,341.6748,0
271,90,70.719,70.7162,0
271,180,161.1584,161.1562,1
271,270,251.1035,251.103,1
272,0,341.6693,341.675,0
272,90,70.7135,70.716,0
272,180,161.153,161.16,0
272,270,251.1035,251.1005,1
273,0,341.6693,341.6746,0
273,90,70.719,70.7182,0
273,180,161.1584,161.1538,1
273,270,251.1035,251.1006,1
274,0,341.6803,341.6758,0
274,90,70.719,70.719,0
274,180,161.153,161.1541,0
274,270,251.0925,251.096,0
275,0,341.6748,341.6821,1
275,90,70.719,70.7184,1
275,180,161.1475,161.1501,0
275,270,251.1145,251.1025,1
276,0,341.6748,341.6759,0
276,90,70.73,70.7207,0
276,180,161.1475,161.15,0
276,270,251.098,251.0999,0
277,0,341.6748,341.6803,1
277,90,70.719,70.7155,0
277,180,161.153,161.1532,0
277,270,251.109,251.1015,0
278,0,341.6803,341.6823,1
278,90,70.719,70.7157,0
278,180,161.1475,161.1459,1
278,270,251.1035,251.106,1
279,0,341.6803,341.6769,0
279,90,70.7135,70.7169,0
279,180,161.1365,161.1495,0
279,270,251.098,251.102,0
280,0,341.6803,341.6809,1
280,90,70.708,70.7167,1
280,180,161.142,161.1483,1
280,270,251.109,251.105,0
281,0,341.6748,341.6758,1
281,90,70.7135,70.715,0
281,180,161.142,161.1448,0
281,270,251.098,251.1068,1
282,0,341.6748,341.6781,0
282,90,70.719,70.7217,0
282,180,161.1584,161.1521,0
282,270,251.109,251.1067,0
283,0,341.6748,341.6749,0
283,90,70.719,70.7197,0
283,180,161.153,161.151,0
283,270,251.0925,251.1023,1
284,0,341.6803,341.679,1
284,90,70.7245,70.7222,0
284,180,161.1365,161.1439,1
284,270,251.109,251.1042,1
285,0,341.6858,341.6787,1
285,90,70.719,70.7195,0
285,180,161.1475,161.1482,1
285,270,251.1035,251.1039,0
286,0,341.6748,341.6805,1
286,90,70.7245,70.7168,0
286,180,161.1475,161.1432,1
286,270,251.109,251.1071,1
287,0,341.6803,341.6799,1
287,90,70.7135,70.7184,0
287,180,161.1475,161.1452,1
287,270,251.1145,251.1064,1
288,0,341.6748,341.678,0
288,90,70.7135,70.7127,0
288,180,161.1475,161.1467,0
288,270,251.109,251.107,1
289,0,341.6748,341.6798,1
289,90,70.7135,70.7163,1
289,180,161.1365,161.1469,0
289,270,251.109,251.1068,1
290,0,341.6638,341.6774,1
290,90,70.719,70.7173,0
290,180,161.153,161.1505,1
290,270,251.109,251.1056,1
291,0,341.6583,341.6737,0
291,90,70.719,70.7171,0
291,180,161.153,161.15,0
291,270,251.098,251.1027,1
292,0,341.6748,341.6747,0
292,90,70.719,70.7194,0
292,180,161.1475,161.1503,0
292,270,251.109,251.1056,0
293,0,341.6748,341.6735,0
293,90,70.7245,70.7242,1
293,180,161.1584,161.1543,0
293,270,251.109,251.1044,1
294,0,341.6803,341.6771,0
294,90,70.719,70.7191,0
294,180,161.1475,161.1434,1
294,270,251.109,251.1015,1
295,0,341.6748,341.6801,1
295,90,70.719,70.7253,1
295,180,161.153,161.1422,1
295,270,251.109,251.1018,1
296,0,341.6748,341.6775,1
296,90,70.7135,70.7204,0
296,180,161.153,161.1497,0
296,270,251.1035,251.1032,1
297,0,341.6913,341.6852,1
297,90,70.719,70.7152,1
297,180,161.1475,161.1468,1
297,270,251.109,251.1033,1
298,0,341.6748,341.6749,1
298,90,70.719,70.7194,0
298,180,161.1475,161.1489,1
298,270,251.109,251.1066,0
299,0,341.6803,341.6741,0
299,90,70.719,70.715,0
299,180,161.1584,161.1522,0
299,270,251.1145,251.1038,0
300,0,341.6748,341.6743,0
300,90,70.7245,70.7166,0
300,180,161.1475,161.1471,1
300,270,251.1145,251.1086,1
301,0,341.6748,341.6748,1
301,90,70.719,70.7214,0
301,180,161.1475,161.1497,0
301,270,251.1035,251.1054,1
302,0,341.6748,341.6748,0
302,90,70.7135,70.7169,1
302,180,161.1475,161.1514,1
302,270,251.098,251.1057,1
303,0,341.6693,341.6753,0
303,90,70.719,70.7217,1
303,180,161.142,161.1479,1
303,270,251.109,251.1068,0
304,0,341.6583,341.6762,0
304,90,70.719,70.7208,0
304,180,161.1475,161.1517,1
304,270,251.098,251.1031,1
305,0,341.6858,341.6791,1
305,90,70.719,70.7213,1
305,180,161.1365,161.1447,1
305,270,251.1035,251.1051,0
306,0,341.6803,341.6813,0
306,90,70.7245,70.7205,0
306,180,161.1475,161.1476,1
306,270,251.109,251.1071,0
307,0,341.6803,341.68,1
307,90,70.708,70.7158,0
307,180,161.1475,161.1485,1
307,270,251.098,251.1029,1
308,0,341.6858,341.6809,0
308,90,70.708,70.7113,1
308,180,161.1475,161.1502,0
308,270,251.1035,251.1071,1
309,0,341.6638,341.6721,0
309,90,70.719,70.7149,0
309,180,161.1475,161.1479,0
309,270,251.109,251.1063,1
310,0,341.6693,341.6751,0
310,90,70.708,70.7152,1
310,180,161.1475,161.1472,1
310,270,251.098,251.101,1
311,0,341.6748,341.6742,0
311,90,70.7245,70.719,0
311,180,161.1475,161.1456,1
311,270,251.1145,251.1064,1
312,0,341.6748,341.6746,0
312,90,70.719,70.7229,1
312,180,161.153,161.1425,1
312,270,251.1035,251.1036,0
313,0,341.6638,341.6745,0
313,90,70.7245,70.719,0
313,180,161.142,161.1434,1
313,270,251.1035,251.102,0
314,0,341.6748,341.6801,1
314,90,70.7355,70.7247,0
314,180,161.1475,161.1387,0
314,270,251.098,251.1025,0
315,0,341.6803,341.6819,1
315,90,70.7245,70.7177,1
315,180,161.1365,161.1425,1
315,270,251.1035,251.1047,1
316,0,341.6803,341.6806,1
316,90,70.7135,70.718,0
316,180,161.1365,161.1382,0
316,270,251.098,251.1073,1
317,0,341.6748,341.679,0
317,90,70.719,70.7212,0
317,180,161.1365,161.1381,0
317,270,251.1145,251.1104,1
318,0,341.6748,341.6757,1
318,90,70.719,70.7155,0
318,180,161.1475,161.1424,0
318,270,251.12,251.1113,1
319,0,341.6748,341.6805,1
319,90,70.7135,70.7163,1
319,180,161.1365,161.139,0
319,270,251.1255,251.1123,1
320,0,341.6748,341.676,0
320,90,70.719,70.7263,1
320,180,161.142,161.1398,0
320,270,251.1035,251.1098,0
321,0,341.6803,341.6766,0
321,90,70.7135,70.718,1
321,180,161.1365,161.1418,1
321,270,251.12,251.1035,1
322,0,341.6748,341.6768,0
322,90,70.7355,70.722,1
322,180,161.142,161.1441,0
322,270,251.098,251.1051,1
323,0,341.6693,341.6752,0
323,90,70.73,70.7213,0
323,180,161.1365,161.1398,0
323,270,251.1035,251.1039,0
324,0,341.6748,341.6797,0
324,90,70.73,70.7162,1
324,180,161.1365,161.1356,0
324,270,251.1035,251.1047,1
325,0,341.6803,341.6776,0
325,90,70.719,70.7188,0
325,180,161.1475,161.1428,1
325,270,251.109,251.1051,1
326,0,341.6803,341.6797,1
326,90,70.708,70.7116,0
326,180,161.1639,161.1663,1
326,270,251.1475,251.1395,1
327,0,341.6748,341.6691,0
327,90,341.6748,341.667,0
327,180,161.1584,161.156,0
327,270,251.131,251.1277,1
328,0,341.6583,341.6591,0
328,90,70.719,70.7205,0
328,180,161.1694,161.1601,0
328,270,251.1365,251.1373,0
329,0,341.6528,341.6548,1
329,90,70.719,70.718,0
329,180,161.1804,161.1735,1
329,270,251.1584,251.157,0
